Latitude,Longitude,Elevation(m),LocalDate,LocalTime,LimitingMag,SQMReading,CloudCover,Constellation
42.8905,-0.113597,942.819,2017-08-21,21:00,4,,clear,Cygnus
42.8906,-0.113543,942.469,2017-07-17,12:33,4,,clear,Hercules
42.7883,-0.0975037,2291.3,2017-08-18,22:00,6,,clear,Cygnus
42.8059,-0.0995636,1802.85,2017-08-24,21:50,6,,clear,Cygnus
42.8511,-0.147629,1540.23,2017-08-23,21:45,5,,clear,Cygnus
42.9093,-0.0971603,921.858,2017-08-14,22:00,3,,clear,Cygnus
42.91,-0.0977933,841.348,2017-10-19,21:00,6,,clear,Pegasus
42.9101,-0.099092,824.537,2017-09-16,21:00,3,,1/2 of sky,Cygnus
42.9101,-0.099113,824.44,2017-10-15,21:00,2,,1/2 of sky,Pegasus
43.1312,0.0853747,552.358,2017-12-12,22:00,6,,clear,Pegasus
48.5773,-3.31703,231.378,2017-08-21,00:00,6,21.35,clear,Hercules
48.4038,-3.90993,344.205,2017-08-21,23:41,6,21.35,clear,Hercules
43.1446,0.0588448,486.479,2017-12-06,20:00,6,,clear,Pegasus
43.0689,2.8125,117.45,2017-11-16,20:40,5,,clear,Pegasus
43.9776,3.59144,272.56,2017-11-15,21:04,-999,14.07,clear,
45.8155,4.20226,344.27,2017-11-16,00:52,4,,clear,
47.4696,0.614209,90.0,2017-11-15,20:51,5,,clear,
46.0483,6.34723,657.35,2017-11-14,22:50,4,,1/4 of sky,Pegasus
46.0682,6.29305,630.93,2017-11-14,22:05,4,,1/4 of sky,Pegasus
43.1431,0.0606823,473.24,2017-11-14,21:30,5,,clear,Pegasus
42.9724,0.0033474,1548.25,2017-09-20,21:00,7,,clear,Cygnus
42.9723,0.00257492,1547.97,2017-08-22,22:15,7,,1/4 of sky,Hercules
42.9723,0.00257492,1547.97,2017-07-28,23:05,7,,clear,Hercules
42.9723,0.00291824,1547.19,2017-07-15,23:15,6,,1/4 of sky,Hercules
44.5566,6.07615,732.19,2017-11-10,21:03,7,,clear,
42.9746,-0.00605106,1589.06,2017-10-15,20:40,7,,clear,Cygnus
42.9775,-0.644159,818.31,2017-10-13,20:30,5,,clear,Cygnus
43.7036,6.09034,501.47,2017-10-23,04:35,6,20.71,clear,
43.7041,6.09017,504.93,2017-11-07,19:17,6,21.6,clear,
45.5466,6.75945,1420.8,2017-11-03,23:54,4,17.88,clear,
46.3019,3.32799,282.87,2017-10-27,04:23,6,20.87,clear,
46.3026,3.32673,273.85,2017-10-26,23:50,6,21.01,clear,
46.3026,3.32674,273.86,2017-10-25,23:48,6,20.74,1/4 of sky,
43.9032,4.26664,139.46,2017-10-25,22:32,5,19.06,clear,
47.5738,6.86279,338.47,2017-10-25,23:47,5,19.07,clear,Cygnus
48.7405,2.23762,73.19,2017-10-21,22:41,4,18.73,clear,
48.7404,2.23766,72.83,2017-10-21,22:42,4,18.87,clear,
47.5773,1.403,86.73,2017-10-17,23:39,6,21.37,clear,
43.9775,3.59152,272.52,2017-10-17,21:59,4,18.53,clear,
44.6966,6.90684,2926.09,2017-10-16,23:12,5,20.11,clear,
44.0586,3.5246,1265.68,2017-10-14,20:36,6,21.47,clear,
47.2212,2.06236,100.45,2017-10-14,23:37,3,,clear,Cygnus
47.2174,2.05041,96.32,2017-10-14,22:33,4,,clear,Cygnus
45.8152,4.20214,342.41,2017-10-14,21:05,4,,clear,
47.5772,1.40319,86.46,2017-10-13,23:38,6,20.53,clear,
47.5772,1.40319,86.46,2017-10-13,23:39,6,21.07,clear,
47.0934,2.40451,127.47,2017-10-13,23:54,3,,clear,Cygnus
43.1445,0.0588369,482.72,2017-10-10,00:00,6,,clear,Cygnus
43.4702,1.4973,212.64,2017-09-24,01:50,7,,clear,
46.0301,0.641892,211.01,2017-09-23,23:54,4,,clear,
43.6339,6.98475,287.42,2017-09-22,19:04,1,14.37,over 1/2 of sky,
48.6177,1.50126,133.76,2017-09-22,23:53,6,20.83,clear,
45.2729,3.76253,1004.54,2017-09-20,22:30,6,,clear,Cygnus
43.382,0.626681,248.23,2017-09-13,23:02,6,20.91,clear,
44.0775,6.16561,705.81,2017-09-12,01:32,6,21.96,clear,
44.0775,6.16561,705.81,2017-09-12,01:32,6,20.74,clear,
48.9276,2.3574,37.78,2017-09-10,09:17,2,16.3,clear,
45.1922,5.7308,222.66,2017-09-03,08:06,3,16.87,clear,
44.2586,4.28463,128.76,2017-08-31,21:55,5,19.72,clear,
46.123,3.4257,259.32,2017-08-31,20:14,2,16.11,clear,
47.0605,-1.25917,49.45,2017-08-29,02:36,5,,clear,
44.0678,3.70719,633.39,2017-08-25,23:04,6,21.41,clear,
44.0678,3.70719,633.39,2017-08-25,23:05,6,20.98,clear,
44.0678,3.70719,633.39,2017-08-25,23:05,6,21.23,clear,
44.0678,3.70719,633.39,2017-08-25,23:06,6,20.91,clear,
44.0681,3.70736,634.88,2017-08-25,23:06,6,20.71,clear,
48.5881,1.51,144.35,2017-08-25,22:34,6,20.64,clear,
49.9123,3.9335,130.62,2017-06-23,01:15,4,,clear,
44.0677,3.70737,637.81,2017-08-24,23:11,6,21.22,clear,
44.0677,3.70737,637.81,2017-08-24,23:11,6,20.65,clear,
44.0677,3.70737,637.81,2017-08-24,23:12,6,21.26,clear,
44.3845,3.63975,952.46,2017-08-23,23:41,4,18.9,clear,
44.2253,3.51389,1077.87,2017-08-23,22:34,4,18.19,clear,
48.4141,2.72713,62.7,2017-08-22,23:05,4,18.77,clear,
42.9551,9.41735,214.89,2017-08-22,22:30,6,21.34,clear,
46.3022,3.3273,277.31,2017-08-22,03:14,6,21.45,clear,
46.3023,3.3272,276.4,2017-08-22,03:15,6,20.9,clear,
46.3022,3.32705,276.2,2017-08-22,00:38,6,20.69,clear,
44.0665,3.70771,628.83,2017-08-21,23:30,6,20.47,clear,
44.0665,3.70771,628.83,2017-08-21,23:31,6,21.25,clear,
44.0665,3.70771,628.83,2017-08-21,23:31,6,20.88,clear,
44.0666,3.70778,630.52,2017-08-21,23:32,6,21.59,clear,
44.0666,3.70775,629.69,2017-08-21,23:33,6,21.24,clear,
45.4449,4.20609,661.71,2017-08-21,22:22,6,20.8,clear,
45.4449,4.20609,661.71,2017-08-21,22:23,5,20.14,clear,
44.0499,3.82732,487.86,2017-08-21,00:26,6,21.69,clear,
44.3463,6.79565,2542.7,2017-08-19,22:08,4,18.31,clear,
42.6383,3.03152,2.62,2017-08-18,15:01,2,16.59,clear,
44.0498,3.8273,488.37,2017-08-18,00:12,6,20.82,clear,
47.045,2.33159,156.47,2017-08-17,22:34,5,19.77,clear,
44.0673,3.70788,636.81,2017-08-14,23:46,6,21.02,clear,
47.8843,-3.98881,4.55,2017-08-13,23:52,5,20.1,clear,
44.019,3.62404,501.0,2017-08-13,22:22,6,20.86,clear,
44.019,3.62404,501.0,2017-08-13,22:24,6,21.04,clear,
44.01,3.66529,340.08,2017-08-13,22:43,6,20.47,clear,
42.9719,0.79781,658.2,2017-08-13,23:44,5,,1/4 of sky,Hercules
46.7839,-2.03244,3.74,2017-08-10,23:05,5,19.57,clear,
46.7844,-2.03293,2.94,2017-08-10,22:37,4,18.71,clear,
44.7322,2.68341,702.86,2017-08-08,22:21,6,21.08,clear,
46.3024,3.32671,274.3,2017-08-05,00:34,5,20.02,clear,
46.7838,-2.03268,4.04,2017-08-02,00:08,5,19.65,clear,
46.1912,6.21524,425.11,2017-07-28,23:11,4,18.88,clear,
46.1913,6.21511,425.0,2017-07-28,23:13,4,18.94,clear,
44.085,3.48783,1334.18,2017-07-28,23:37,6,21.75,1/4 of sky,
44.8034,1.16016,69.41,2017-07-25,23:26,6,21.02,clear,
44.0681,3.70744,636.97,2017-07-26,00:43,6,20.84,clear,
44.0681,3.70744,636.97,2017-07-26,00:44,6,21.15,clear,
44.0678,3.70702,628.71,2017-07-26,00:44,6,20.98,clear,
44.0678,3.70702,628.71,2017-07-26,00:45,6,21.39,clear,
44.3263,4.02609,451.59,2017-07-26,23:10,6,20.56,clear,
44.3263,4.02609,451.59,2017-07-26,23:12,6,21.56,clear,
43.4289,-1.34954,139.33,2017-07-27,00:05,5,19.81,clear,
44.0681,3.70753,638.94,2017-07-27,00:28,6,21.71,clear,
44.068,3.70733,635.24,2017-07-27,00:29,6,21.51,clear,
44.068,3.70733,635.24,2017-07-27,00:30,6,21.27,clear,
44.0681,3.70751,638.52,2017-07-27,00:31,6,21.5,clear,
44.0679,3.70718,632.37,2017-07-27,00:33,6,21.42,clear,
44.7931,0.562077,90.3,2017-07-27,23:26,6,20.88,clear,
44.0681,3.70756,639.46,2017-07-28,00:25,6,20.83,clear,
44.0681,3.70756,639.46,2017-07-28,00:26,6,20.71,clear,
44.0682,3.70756,636.13,2017-07-28,00:26,6,20.94,clear,
44.0676,3.70721,634.0,2017-07-28,00:28,6,21.76,clear,
43.1446,0.0597382,483.0,2017-07-26,23:30,6,,clear,Hercules
44.3749,4.4201,79.48,2017-07-05,20:59,2,16.25,clear,
43.8709,4.39213,128.32,2017-06-30,20:53,3,17.78,1/4 of sky,
48.5798,-2.79804,87.45,2017-07-06,23:20,4,18.67,clear,
48.7405,2.23765,73.34,2017-07-17,00:10,3,17.61,clear,
44.8246,1.16501,158.84,2017-07-17,21:51,2,16.51,clear,
44.8032,1.15987,69.82,2017-07-17,23:27,6,21.19,clear,
44.8031,1.15979,69.87,2017-07-17,23:28,6,21.27,clear,
48.4139,2.7269,62.25,2017-07-21,23:08,3,17.27,1/2 of sky,
49.1364,6.77835,301.11,2017-07-21,23:26,4,18.75,clear,
49.1364,6.77835,301.11,2017-07-21,23:27,4,18.61,clear,
44.0671,3.68382,435.82,2017-07-22,00:43,6,21.52,clear,
44.0671,3.68382,435.82,2017-07-22,00:43,6,21.21,clear,
44.0671,3.68382,435.82,2017-07-22,00:44,6,21.65,clear,
44.0671,3.68382,435.82,2017-07-22,00:44,6,20.89,clear,
44.0676,3.70749,640.35,2017-07-22,23:43,6,21.29,clear,
44.068,3.70731,634.75,2017-07-22,23:44,6,21.36,clear,
44.068,3.70731,634.75,2017-07-22,23:44,6,20.73,clear,
44.068,3.70731,634.75,2017-07-22,23:46,6,21.79,clear,
49.1362,6.77855,297.07,2017-07-23,00:39,6,21.41,clear,
44.0681,3.70741,636.22,2017-07-23,23:42,6,21.3,clear,
44.0681,3.70718,629.55,2017-07-23,23:42,6,20.94,clear,
44.068,3.70716,630.84,2017-07-23,23:43,6,21.39,clear,
44.068,3.70743,638.19,2017-07-23,23:44,6,21.0,clear,
44.0681,3.70732,633.84,2017-07-25,01:08,6,20.89,clear,
44.0681,3.70732,633.84,2017-07-25,01:08,6,21.16,clear,
44.0681,3.70732,633.84,2017-07-25,01:09,6,21.07,clear,
43.9261,5.20235,461.19,2017-07-22,23:22,6,,clear,
49.0511,7.31646,348.1,2017-07-19,01:12,6,,clear,
44.0395,3.5039,1286.86,2017-07-04,23:28,6,21.15,clear,
44.0395,3.5039,1286.86,2017-07-04,23:29,6,21.09,clear,
44.0396,3.50411,1285.26,2017-07-04,23:29,6,20.84,clear,
44.0395,3.50385,1287.24,2017-07-04,23:30,6,21.54,clear,
44.0405,3.50405,1288.39,2017-07-04,23:31,6,21.21,clear,
44.0396,3.50387,1288.4,2017-07-04,23:31,6,21.32,clear,
44.0396,3.50387,1288.4,2017-07-04,23:32,6,21.87,clear,
44.0396,3.50387,1288.4,2017-07-04,23:33,6,21.31,clear,
48.4141,2.72682,64.06,2017-06-17,00:58,4,18.94,clear,
44.3844,3.63988,951.52,2017-06-17,01:09,5,19.12,clear,
46.0303,0.641685,211.38,2017-04-28,00:40,5,19.81,1/4 of sky,
44.0683,3.7075,631.51,2017-06-21,23:29,6,21.34,clear,
44.0683,3.7075,631.51,2017-06-21,23:30,6,21.56,clear,
44.0681,3.70735,634.62,2017-06-21,23:30,6,20.98,clear,
44.068,3.70719,631.68,2017-06-21,23:31,6,20.7,clear,
46.1574,0.782816,197.77,2017-06-22,04:08,6,20.42,clear,
46.1574,0.782851,197.72,2017-06-22,04:09,5,20.2,clear,
48.4141,2.72679,64.19,2017-06-22,23:16,3,17.09,1/4 of sky,
44.0681,3.70737,635.14,2017-06-23,00:22,6,21.17,clear,
44.0681,3.70737,635.14,2017-06-23,00:22,6,21.42,clear,
44.0681,3.7073,633.36,2017-06-23,00:23,6,21.56,clear,
44.0681,3.70723,631.48,2017-06-24,00:42,6,21.31,clear,
44.0681,3.70723,631.48,2017-06-24,00:43,6,21.57,clear,
44.0681,3.70723,631.48,2017-06-24,00:43,6,21.41,clear,
44.0678,3.70711,631.16,2017-06-24,00:44,6,21.01,clear,
44.068,3.70736,636.1,2017-06-25,00:37,6,20.76,clear,
44.068,3.70736,636.1,2017-06-25,00:38,6,21.43,clear,
44.068,3.70721,632.24,2017-06-25,00:38,6,21.23,clear,
44.068,3.70721,632.24,2017-06-25,00:39,6,21.04,clear,
44.0679,3.7073,635.48,2017-06-26,00:43,6,21.2,clear,
44.0679,3.7073,635.48,2017-06-26,00:43,6,21.1,clear,
44.0679,3.7073,635.48,2017-06-26,00:44,6,21.39,clear,
48.3946,1.20315,190.69,2017-06-26,01:15,6,,clear,
49.059,6.07887,194.64,2017-06-26,00:41,6,,clear,
49.9123,3.9335,130.62,2017-06-23,01:15,4,,clear,
45.807,6.06818,678.47,2017-06-17,23:54,6,,clear,
43.1556,5.89637,191.39,2017-06-17,23:16,5,19.3,clear,
45.6897,3.22334,417.67,2017-06-11,23:20,5,20.02,clear,
48.4141,2.72677,64.28,2017-06-13,00:16,4,18.74,clear,
46.8979,-1.83358,33.66,2017-06-17,01:05,6,,clear,
47.3335,-1.1769,60.57,2017-06-03,23:59,5,19.42,clear,
44.0681,3.70734,634.35,2017-05-29,00:33,5,19.55,clear,
44.0682,3.70749,634.78,2017-05-29,00:34,5,19.47,clear,
44.0681,3.7074,635.95,2017-05-29,00:36,5,19.65,clear,
44.0667,3.70782,631.04,2017-05-30,00:17,4,18.96,clear,
44.0667,3.70782,631.04,2017-05-30,00:18,5,19.04,clear,
44.0666,3.70765,626.41,2017-05-30,00:18,5,19.81,clear,
44.068,3.70733,635.24,2017-05-30,23:34,6,20.8,clear,
44.0681,3.70751,638.52,2017-05-30,23:35,6,20.62,clear,
44.0683,3.70729,625.19,2017-05-30,23:35,6,20.74,clear,
44.0661,3.70548,562.55,2017-05-30,23:37,5,20.18,clear,
44.0661,3.70548,562.55,2017-05-30,23:40,6,21.02,clear,
44.0677,3.70719,633.65,2017-05-30,23:41,6,21.55,clear,
44.0677,3.70726,635.74,2017-05-30,23:44,6,20.44,clear,
47.3333,-1.17726,60.02,2017-06-02,23:15,4,18.88,clear,
47.3335,-1.17688,60.61,2017-06-02,23:29,5,19.39,clear,
44.0672,3.70807,639.62,2017-05-24,01:12,4,18.01,clear,
48.4141,2.72677,64.28,2017-05-24,23:25,5,19.03,clear,
44.4545,3.61604,1376.46,2017-05-25,00:21,6,21.55,clear,
44.4545,3.61604,1376.46,2017-05-25,00:22,6,21.02,clear,
44.0671,3.70807,638.57,2017-05-25,00:03,5,19.23,clear,
44.0671,3.70807,638.57,2017-05-25,00:03,5,19.23,clear,
44.0682,3.70747,634.35,2017-05-25,00:08,4,18.83,clear,
44.0682,3.70747,634.35,2017-05-25,00:09,4,18.67,clear,
44.068,3.70727,633.8,2017-05-26,00:30,5,19.03,clear,
44.068,3.70727,633.8,2017-05-26,00:31,5,19.04,clear,
44.2599,3.46005,954.69,2017-05-25,23:45,6,21.23,clear,
44.2599,3.46004,954.68,2017-05-26,00:52,6,21.04,clear,
44.2598,3.45992,955.09,2017-05-26,03:25,6,21.86,clear,
44.2598,3.45992,955.09,2017-05-26,03:25,6,21.54,clear,
44.2643,3.45844,945.84,2017-05-26,03:26,6,21.8,clear,
44.2643,3.45844,945.84,2017-05-26,03:27,6,21.49,clear,
44.0394,3.50452,1283.27,2017-05-26,23:55,6,21.28,clear,
44.1129,3.50969,1151.47,2017-05-27,00:08,6,21.31,clear,
44.1151,3.50984,1196.93,2017-05-27,00:09,6,21.29,clear,
44.1154,3.50986,1204.87,2017-05-27,00:09,6,21.48,clear,
44.0682,3.70719,626.7,2017-05-27,00:38,5,19.08,clear,
44.0682,3.70719,626.7,2017-05-27,00:39,5,19.29,clear,
44.068,3.70727,633.8,2017-05-27,00:39,4,18.86,clear,
44.0681,3.7073,633.36,2017-05-27,00:40,5,19.36,clear,
44.068,3.70738,636.7,2017-05-28,00:02,4,18.53,clear,
44.068,3.70738,636.7,2017-05-28,00:03,4,18.83,clear,
44.068,3.70738,636.7,2017-05-28,00:03,5,19.22,clear,
44.068,3.70738,636.7,2017-05-28,00:04,5,19.14,clear,
46.0465,6.34736,675.44,2017-05-28,23:12,4,,clear,Leo
47.6013,6.74068,341.84,2017-05-27,00:00,4,18.77,1/4 of sky,Leo
46.0486,6.34715,654.26,2017-05-27,23:47,2,,clear,Leo
45.9248,6.14525,532.15,2017-05-25,23:38,6,,clear,
45.6899,3.2228,400.77,2017-05-14,00:19,5,19.69,1/4 of sky,
45.8072,6.0685,682.04,2017-05-21,23:27,6,,clear,
45.3552,5.94602,263.01,2017-05-21,03:22,5,,clear,
48.3945,1.20315,190.69,2017-05-21,01:45,6,,clear,
43.9064,5.72666,562.35,2017-04-27,23:15,6,,clear,Leo
43.8331,5.78414,380.17,2017-05-17,23:00,5,,clear,Leo
43.8002,5.75025,382.87,2017-04-28,23:30,6,,clear,Leo
45.8072,6.06829,678.85,2017-05-17,23:50,6,,clear,
43.6916,3.88068,110.99,2017-04-27,08:01,3,17.25,clear,
44.3505,3.58099,646.8,2017-05-02,22:34,4,18.98,clear,
44.3517,3.57495,526.67,2017-05-02,22:35,5,19.15,clear,
43.5291,5.44743,202.18,2017-05-06,23:25,4,18.78,clear,
44.3233,3.59476,550.25,2017-05-09,18:39,2,15.65,clear,
44.323,3.59345,555.05,2017-05-10,17:07,1,15.12,clear,
45.6898,3.22343,418.13,2017-04-06,00:11,5,19.02,1/2 of sky,
43.4886,-1.53656,52.45,2017-04-11,21:49,4,18.31,clear,
43.4886,-1.53712,51.52,2017-04-11,21:51,4,18.42,clear,
45.6898,3.22332,416.4,2017-04-11,23:51,5,19.7,clear,
43.4297,6.80102,57.07,2017-04-11,22:16,5,20.34,clear,
43.4295,6.80091,55.32,2017-04-11,22:19,6,20.55,clear,
43.4295,6.80092,55.33,2017-04-11,22:20,5,19.21,clear,
43.4296,6.80098,56.32,2017-04-11,22:22,4,18.73,clear,
43.4298,6.80132,58.21,2017-04-11,22:25,4,18.86,clear,
43.4298,6.80132,58.21,2017-04-11,22:26,5,19.42,clear,
43.4296,6.80099,56.35,2017-04-11,22:29,5,19.75,clear,
43.4884,-1.53731,51.55,2017-04-15,22:36,5,19.03,clear,
48.4817,1.52689,130.14,2017-04-20,01:12,5,20.32,clear,
43.929,5.25755,243.77,2017-04-22,21:47,5,20.26,clear,
43.9966,5.18712,376.45,2017-04-22,22:29,6,21.78,clear,
43.2768,3.49182,5.15,2017-04-22,23:35,4,18.92,clear,
48.7404,2.23767,72.88,2017-04-23,22:02,4,17.83,clear,
48.7404,2.23798,74.1,2017-04-23,22:46,4,18.33,clear,
48.4818,1.52689,129.26,2017-04-24,05:00,6,21.0,clear,
43.9291,5.25764,244.08,2017-04-24,22:47,6,20.65,clear,
49.5704,0.599785,140.0,2017-04-26,22:36,3,,1/2 of sky,Leo
45.2471,3.80608,937.73,2017-04-25,02:55,3,,clear,Leo
45.8721,6.46491,1486.32,2017-04-22,23:30,5,,clear,Leo
48.3947,1.20312,191.52,2017-04-22,00:02,6,,clear,
46.0485,6.34697,655.64,2017-04-21,23:08,4,,clear,Leo
46.8546,-1.79191,54.33,2017-04-21,23:01,5,,clear,
45.8071,6.0683,679.67,2017-04-21,23:01,6,,clear,
47.5737,6.86249,337.71,2017-04-20,23:11,4,18.94,clear,Leo
44.7176,4.6654,210.47,2017-04-20,23:07,4,,clear,
46.0613,6.36229,472.22,2017-04-20,22:56,4,,clear,Leo
46.0483,6.34679,658.18,2017-04-18,22:31,4,,clear,Leo
46.0523,6.35868,595.11,2017-04-18,21:52,4,,clear,Leo
48.5413,-2.7258,48.89,2017-04-16,22:56,5,,clear,
45.8072,6.06835,679.76,2017-04-14,23:08,6,,clear,
43.4248,6.7689,7.17,2017-04-14,22:16,6,21.42,clear,
45.2484,5.81546,437.23,2017-04-13,22:05,4,,clear,Leo
43.4296,6.80092,56.2,2017-03-26,00:44,5,19.86,clear,
44.3277,3.58767,567.7,2017-04-03,21:29,4,18.67,clear,
45.1644,5.76909,245.75,2017-04-03,23:00,4,,1/4 of sky,Leo
45.7579,3.10982,407.82,2017-03-30,21:25,3,,1/4 of sky,Leo
45.2224,5.77966,341.27,2017-03-29,21:08,4,,clear,Leo
47.659,6.72704,374.81,2017-03-28,23:30,5,19.94,clear,Leo
43.5661,-1.437,43.23,2017-03-28,22:09,4,,clear,
46.1528,-1.0907,5.72,2017-03-28,23:40,5,,clear,
45.2729,3.76253,1004.54,2017-03-28,23:11,5,,clear,Leo
43.4296,6.801,56.37,2017-03-28,22:57,5,20.23,clear,
43.4295,6.8009,55.31,2017-03-28,22:48,4,18.55,clear,
43.4296,6.8009,56.16,2017-03-28,22:34,4,,clear,
43.5661,-1.437,43.23,2017-03-28,22:09,4,,clear,
43.5661,-1.437,43.23,2017-03-28,22:09,4,,clear,
43.5661,-1.437,43.23,2017-03-28,22:09,4,,clear,
47.7724,6.77775,1030.69,2017-03-28,03:00,5,19.98,clear,Leo
46.2593,6.05473,457.73,2017-03-27,22:00,4,,clear,Leo
45.2483,5.81546,435.86,2017-03-27,23:41,4,,clear,Leo
43.1707,-0.458189,340.83,2017-03-27,21:45,4,,1/2 of sky,Leo
48.7321,-3.45914,17.19,2017-03-26,23:13,4,,clear,Leo
46.1528,-1.091,4.64,2017-03-26,22:50,6,,clear,
46.1528,-1.09035,6.45,2017-03-26,23:19,5,,clear,
46.1528,-1.09035,6.45,2017-03-26,23:10,5,,clear,
43.4295,6.801,55.34,2017-03-26,22:59,6,21.09,clear,
43.4295,6.801,55.34,2017-03-26,00:46,5,20.34,clear,
43.4296,6.8009,56.16,2017-03-26,00:01,4,,clear,
48.3946,1.2031,190.76,2017-03-26,01:14,6,,clear,
43.4296,6.8009,56.16,2017-03-26,00:01,6,20.46,clear,
43.1557,5.89603,194.38,2017-03-25,21:26,5,19.56,clear,
43.4295,6.8011,55.34,2017-03-21,21:01,3,,clear,
48.6947,2.5995,96.0,2017-03-21,23:00,4,,1/2 of sky,Leo
43.8786,2.8328,355.07,2017-03-21,22:00,3,,clear,
43.0972,-0.0245812,412.4,2017-03-16,00:00,4,,clear,Leo
45.8193,-0.727045,40.68,2017-03-16,21:48,5,,clear,
48.7997,6.0947,262.4,2017-03-03,17:13,4,,1/2 of sky,Leo
47.5737,6.86263,337.96,2017-02-19,19:45,4,18.54,1/4 of sky,Orion
47.7478,7.41232,238.37,2017-02-14,23:06,3,,clear,Orion
45.9276,3.06093,481.94,2017-01-28,00:00,5,,1/4 of sky,Orion
44.9334,2.44815,628.18,2017-01-29,00:00,3,,clear,Orion
48.4288,-2.74833,155.85,2017-01-26,21:40,6,20.65,clear,Orion
48.4117,-2.74315,169.62,2017-01-26,21:32,6,20.7,clear,Orion
48.4068,-2.75815,175.83,2017-01-26,21:25,6,20.8,clear,Orion
48.3974,-2.72953,193.76,2017-01-26,21:15,5,19.95,clear,Orion
48.378,-2.75236,220.97,2017-01-26,21:05,6,20.9,clear,Orion
48.3467,-2.75328,208.74,2017-01-26,20:59,5,20.05,clear,Orion
48.3863,-2.67407,128.82,2017-01-26,20:40,6,20.55,clear,Orion
48.3808,-2.64352,128.0,2017-01-26,20:34,6,20.45,clear,Orion
48.4328,-2.60827,60.37,2017-01-26,20:23,5,20.2,clear,Orion
48.4209,-2.62684,57.98,2017-01-26,20:15,5,20.15,clear,Orion
48.4111,-2.65191,83.7,2017-01-26,20:07,6,20.65,clear,Orion
48.4209,-2.65736,92.06,2017-01-26,20:01,5,19.2,clear,Orion
48.4446,-2.66235,84.36,2017-01-26,19:49,6,20.4,clear,Orion
48.5242,-2.65453,8.47,2017-01-24,21:50,6,20.6,clear,Orion
48.3761,-2.63172,80.26,2017-01-24,21:08,4,18.5,clear,Orion
48.3629,-2.63186,120.78,2017-01-24,21:00,6,20.5,clear,Orion
48.3518,-2.63722,185.35,2017-01-24,20:52,5,19.85,clear,Orion
43.2951,-0.370797,210.78,2017-01-24,19:28,3,,clear,Orion
48.3599,-2.63345,139.79,2017-01-24,20:47,5,19.8,clear,Orion
48.357,-2.62446,169.71,2017-01-24,20:40,6,20.55,clear,Orion
48.354,-2.61665,177.46,2017-01-24,20:35,6,20.75,clear,Orion
48.3229,-2.58355,340.16,2017-01-24,20:25,6,20.9,clear,Orion
48.401,-2.58634,88.67,2017-01-24,20:10,5,20.1,clear,Orion
48.4587,-2.53247,77.71,2017-01-24,20:00,5,19.65,clear,Orion
48.4626,-2.62522,67.62,2017-01-24,19:50,5,19.65,clear,Orion
48.4977,-2.63719,68.86,2017-01-24,19:25,5,20.1,clear,Orion
45.8037,1.52583,268.69,2017-01-25,20:45,4,,1/4 of sky,Orion
43.2951,-0.370797,210.78,2017-01-24,19:28,3,,clear,Orion
43.2951,-0.370797,210.78,2017-01-24,19:28,3,,clear,Orion
43.6768,4.62155,11.29,2017-01-24,21:41,3,,clear,Orion
43.6768,4.62155,11.29,2017-01-24,21:41,3,,clear,Orion
43.6195,7.03919,171.94,2017-01-24,21:13,3,,1/4 of sky,Orion
48.408,-2.81888,207.15,2017-01-23,22:25,5,20.0,clear,Orion
48.4219,-2.82986,169.44,2017-01-23,22:07,6,20.6,clear,Orion
48.401,-2.90724,170.4,2017-01-23,21:48,6,20.4,clear,Orion
48.4672,-2.94883,153.32,2017-01-23,21:48,6,21.05,clear,Orion
48.424,-2.93181,225.27,2017-01-23,21:40,6,21.0,clear,Orion
48.4449,-2.85504,196.4,2017-01-23,21:30,5,20.2,clear,Orion
48.4557,-2.8325,95.27,2017-01-23,21:23,5,19.75,clear,Orion
48.5113,-2.89042,173.58,2017-01-23,20:58,6,20.65,clear,Orion
48.5048,-2.91358,189.26,2017-01-23,20:52,6,20.6,clear,Orion
48.485,-2.96201,175.01,2017-01-23,20:42,6,20.6,clear,Orion
48.4859,-2.98559,248.15,2017-01-23,20:35,6,21.0,clear,Orion
48.5002,-2.95314,126.42,2017-01-23,20:27,6,20.9,clear,Orion
48.5335,-2.97517,124.52,2017-01-23,20:20,5,19.4,clear,Orion
48.5331,-2.93318,136.93,2017-01-23,20:12,6,20.7,clear,Orion
46.5802,0.340375,115.41,2017-01-22,20:29,3,,1/4 of sky,Orion
48.4966,-2.7409,93.82,2017-01-21,21:30,5,19.1,clear,Orion
45.7776,1.4277,345.55,2017-01-21,22:00,6,,clear,Orion
48.4951,-2.7317,99.77,2017-01-21,21:20,4,18.3,clear,Orion
48.4879,-2.75092,110.09,2017-01-20,21:20,4,18.25,clear,Orion
48.5053,-2.75901,86.2,2017-01-20,21:12,4,18.4,clear,Orion
48.4829,-2.79122,141.66,2017-01-20,21:01,5,19.15,clear,Orion
48.4951,-2.7966,135.3,2017-01-20,20:52,5,19.1,clear,Orion
48.5057,-2.81211,127.31,2017-01-20,20:46,4,18.8,clear,Orion
48.5158,-2.80735,119.05,2017-01-20,20:40,5,19.15,clear,Orion
48.5255,-2.78413,100.31,2017-01-20,20:30,4,18.75,clear,Orion
48.5143,-2.75618,85.49,2017-01-20,20:20,3,17.15,clear,Orion
48.5151,-2.7481,78.4,2017-01-20,20:16,4,18.4,clear,Orion
48.5269,-2.71719,8.86,2017-01-20,20:05,5,19.55,clear,Orion
45.7688,1.05387,334.65,2017-01-20,20:15,6,21.03,clear,Orion
45.8328,1.26669,248.65,2017-01-20,20:28,3,,clear,Orion
48.5156,-2.76777,94.8,2017-01-19,22:58,5,19.2,clear,Orion
48.4805,-2.74856,137.9,2017-01-19,22:45,5,19.75,clear,Orion
48.4728,-2.7801,141.6,2017-01-19,22:40,5,20.1,clear,Orion
48.4345,-2.82272,191.65,2017-01-19,22:25,5,19.85,clear,Orion
48.4499,-2.81499,162.04,2017-01-19,22:20,5,19.9,clear,Orion
48.4698,-2.88295,173.64,2017-01-19,22:03,5,20.05,clear,Orion
48.4927,-2.84645,122.17,2017-01-19,21:55,6,20.45,clear,Orion
48.4998,-2.8399,123.7,2017-01-19,21:50,5,20.05,clear,Orion
48.5226,-2.85267,139.67,2017-01-19,21:45,5,19.55,clear,Orion
48.522,-2.8734,158.42,2017-01-19,21:40,5,20.2,clear,Orion
48.5417,-2.83618,130.4,2017-01-19,21:35,5,20.35,clear,Orion
48.5361,-2.76564,111.42,2017-01-19,20:25,4,18.7,clear,Orion
48.5542,-2.71654,67.45,2017-01-19,21:15,6,20.55,clear,Orion
48.4862,-2.67263,6.9,2017-01-19,20:59,5,19.4,clear,Orion
48.4695,-2.65265,52.99,2017-01-19,20:48,5,19.15,clear,Orion
48.5026,-2.65371,45.04,2017-01-19,20:37,5,19.7,clear,Orion
48.5176,-2.67338,20.02,2017-01-19,20:32,5,20.25,clear,Orion
48.5328,-2.67256,38.75,2017-01-19,20:25,6,20.45,clear,Orion
48.5023,-2.69441,7.04,2017-01-19,20:10,5,19.65,clear,Orion
48.4986,-2.71368,82.81,2017-01-19,20:05,4,18.3,clear,Orion
48.4826,-2.71917,105.46,2017-01-19,19:55,5,19.4,clear,Orion
48.4554,-2.7038,98.06,2017-01-19,19:46,5,20.2,clear,Orion
48.458,-2.71897,114.09,2017-01-19,19:42,5,20.1,clear,Orion
48.4491,-2.75066,157.49,2017-01-19,19:35,5,19.5,clear,Orion
43.6611,5.01677,73.99,2017-01-20,12:49,4,,1/2 of sky,Orion
43.6953,5.02967,119.15,2017-01-19,12:49,4,,1/2 of sky,Orion
43.6611,5.01676,73.99,2017-01-20,19:45,4,,1/4 of sky,Orion
43.6611,5.01656,73.95,2017-01-19,19:30,4,,1/2 of sky,Orion
43.6611,5.01676,73.99,2017-01-20,19:45,4,,1/4 of sky,Orion
43.6611,5.01676,73.99,2017-01-20,12:45,4,,1/4 of sky,Orion
43.6611,5.01686,73.99,2017-01-19,19:44,4,,1/2 of sky,Orion
43.661,5.01674,73.97,2017-01-19,19:00,4,,1/2 of sky,Orion
43.661,5.01675,73.97,2017-01-19,19:30,4,,1/2 of sky,Orion
45.8438,1.48751,324.77,2017-01-19,00:00,5,,1/4 of sky,Orion
45.7688,1.0538,334.76,2017-01-19,20:15,6,21.03,clear,Orion
48.882,3.00074,159.21,2017-01-19,19:34,3,,clear,Orion
